id	date	pain	medication	walking	tbi	six_months	multiple_tbi	gender	asian	black	white	other	hispanic	weight	height	start_time	stop_time	valid	BMI_level	Obese	BMI_glm_pred	glmdiff
57	2019-10-25	FALSE	FALSE	FALSE	FALSE	FALSE	FALSE	Female	FALSE	FALSE	TRUE	FALSE	FALSE	135	5'6"	17:29.2	18:19.3	TRUE	2	0	2	TRUE
58	2019-10-25	FALSE	FALSE	FALSE	FALSE	FALSE	FALSE	Male	FALSE	FALSE	TRUE	FALSE	FALSE	160	5'10"	50:25.9	51:08.9	TRUE	2	0	2	TRUE
59	2019-10-21	FALSE	TRUE	FALSE	FALSE	FALSE	FALSE	Male	FALSE	FALSE	TRUE	FALSE	FALSE	230	5'8"	03:20.3	04:03.7	TRUE	4	1	3	FALSE
60	2019-10-25	FALSE	FALSE	FALSE	FALSE	FALSE	FALSE	Male	FALSE	FALSE	TRUE	FALSE	FALSE	168	5'8"	01:18.1	02:04.5	TRUE	3	0	2	FALSE
61	2019-10-25	FALSE	FALSE	FALSE	FALSE	FALSE	FALSE	Female	FALSE	FALSE	TRUE	FALSE	FALSE	150	5'4"	02:02.1	02:42.7	TRUE	3	0	2	FALSE
62	2019-10-21	FALSE	FALSE	FALSE	FALSE	FALSE	FALSE	Female	FALSE	FALSE	FALSE	FALSE	TRUE	121	5'7"	12:20.4	12:59.6	TRUE	2	0	2	TRUE
63	2019-10-21	FALSE	TRUE	FALSE	FALSE	FALSE	FALSE	Female	FALSE	FALSE	TRUE	FALSE	FALSE	158	5'8"	55:00.8	55:39.7	TRUE	3	0	3	TRUE
64	2019-10-25	FALSE	FALSE	FALSE	FALSE	FALSE	FALSE	Male	FALSE	FALSE	TRUE	FALSE	FALSE	155	5'6"	13:40.0	14:19.2	TRUE	3	0	2	FALSE
65	2019-10-25	FALSE	FALSE	FALSE	FALSE	FALSE	FALSE	Male	FALSE	FALSE	TRUE	FALSE	FALSE	120	5'6"	2019-10-25 11:50:56.242 2019-10-25 11:51:34.013	2019-10-25 11:50:59.243 2019-10-25 11:52:20.961	TRUE	2	0	2	TRUE
66	2019-10-25	FALSE	FALSE	FALSE	FALSE	FALSE	FALSE	Male	FALSE	FALSE	TRUE	FALSE	FALSE	121	5'8"	02:23.7	03:00.6	TRUE	2	0	2	TRUE
67	2019-10-21	FALSE	FALSE	FALSE	FALSE	FALSE	FALSE	Female	FALSE	FALSE	TRUE	FALSE	FALSE	107	5'3"	01:53.6	02:35.1	TRUE	2	0	2	TRUE
68	2019-10-25	FALSE	FALSE	FALSE	FALSE	FALSE	FALSE	Male	FALSE	FALSE	TRUE	FALSE	FALSE	150	5'9"	2019-10-25 11:04:27.174 2019-10-25 11:04:56.089	2019-10-25 11:04:29.249 2019-10-25 11:05:41.294	TRUE	2	0	2	TRUE
69	2019-10-25	FALSE	FALSE	FALSE	FALSE	FALSE	FALSE	Male	FALSE	FALSE	TRUE	FALSE	FALSE	100	52'"	04:43.0	05:20.7	TRUE	1	0	2	FALSE
70	2019-10-21	FALSE	FALSE	FALSE	FALSE	FALSE	FALSE	Female	FALSE	FALSE	TRUE	FALSE	FALSE	103	5'4"	46:15.3	46:58.6	TRUE	2	0	2	TRUE
71	2019-10-25	FALSE	FALSE	FALSE	FALSE	FALSE	FALSE	Female	FALSE	FALSE	TRUE	FALSE	FALSE	106	5'3"	02:55.1	03:35.3	TRUE	2	0	2	TRUE
72	2019-10-25	FALSE	FALSE	FALSE	FALSE	FALSE	FALSE	Male	FALSE	FALSE	TRUE	FALSE	FALSE	115	5'3"	49:04.0	49:41.9	TRUE	2	0	2	TRUE
73	2019-10-21	FALSE	FALSE	FALSE	FALSE	FALSE	FALSE	Female	FALSE	FALSE	TRUE	FALSE	FALSE	115	5'6"	54:51.8	55:29.6	TRUE	2	0	2	TRUE
74	2019-10-21	FALSE	FALSE	FALSE	FALSE	FALSE	FALSE	Female	FALSE	FALSE	TRUE	FALSE	FALSE	145	5'10"	12:01.1	12:37.7	TRUE	2	0	2	TRUE
75	2019-10-21	FALSE	TRUE	FALSE	FALSE	FALSE	FALSE	Female	FALSE	FALSE	TRUE	FALSE	FALSE	130	5'5"	17:23.9	18:03.1	TRUE	2	0	3	FALSE
76	2019-10-21	FALSE	FALSE	FALSE	FALSE	FALSE	FALSE	Female	FALSE	FALSE	TRUE	FALSE	FALSE	110	5'4"	16:47.8	17:32.7	TRUE	2	0	2	TRUE
77	2019-10-21	FALSE	FALSE	FALSE	FALSE	FALSE	FALSE	Male	FALSE	FALSE	TRUE	FALSE	FALSE	175	5'10"	32:40.7	33:18.6	TRUE	3	0	2	FALSE
78	2019-10-21	FALSE	FALSE	FALSE	FALSE	FALSE	FALSE	Female	FALSE	FALSE	TRUE	FALSE	FALSE	127	5'8"	59:02.8	59:42.3	TRUE	2	0	2	TRUE
79	2019-10-21	FALSE	TRUE	FALSE	FALSE	FALSE	FALSE	Male	FALSE	FALSE	TRUE	FALSE	FALSE	205	5'11"	20:13.9	20:58.2	TRUE	4	1	3	FALSE
80	2019-10-21	FALSE	FALSE	FALSE	FALSE	FALSE	FALSE	Male	FALSE	FALSE	TRUE	FALSE	FALSE	145	5'6"	20:53.9	21:36.3	TRUE	3	0	2	FALSE
81	2019-10-25	FALSE	FALSE	FALSE	FALSE	FALSE	FALSE	Male	FALSE	FALSE	TRUE	FALSE	FALSE	135	5'6"	10:33.0	11:16.0	TRUE	2	0	2	TRUE
82	2019-10-21	FALSE	TRUE	FALSE	FALSE	FALSE	FALSE	Male	FALSE	FALSE	TRUE	FALSE	FALSE	170	5'6"	58:39.5	59:24.5	TRUE	4	1	3	FALSE
83	2019-10-25	FALSE	TRUE	FALSE	FALSE	FALSE	FALSE	Female	FALSE	FALSE	TRUE	FALSE	FALSE	118	5'3"	08:59.3	09:47.7	FALSE	2	0	3	FALSE
84	2019-10-21	FALSE	FALSE	FALSE	FALSE	FALSE	FALSE	Male	FALSE	FALSE	TRUE	FALSE	FALSE	142	5'1"	01:50.9	02:39.2	TRUE	4	1	2	FALSE
85	2019-10-25	FALSE	FALSE	FALSE	FALSE	FALSE	FALSE	Male	FALSE	FALSE	TRUE	FALSE	FALSE	155	5'7"	13:50.0	14:36.8	TRUE	3	0	2	FALSE
86	2019-10-21	FALSE	FALSE	FALSE	FALSE	FALSE	FALSE	Female	FALSE	FALSE	TRUE	FALSE	FALSE	114	5'4"	01:41.8	02:19.8	TRUE	2	0	2	TRUE
87	2019-10-21	FALSE	TRUE	FALSE	FALSE	FALSE	FALSE	Male	FALSE	FALSE	TRUE	FALSE	FALSE	140	5'8"	55:05.2	55:51.7	TRUE	2	0	3	FALSE
88	2019-10-25	FALSE	FALSE	FALSE	FALSE	FALSE	FALSE	Female	FALSE	FALSE	TRUE	FALSE	FALSE	95	5'1"	10:44.7	11:32.7	TRUE	2	0	2	TRUE
89	2019-10-21	FALSE	FALSE	FALSE	FALSE	FALSE	FALSE	Male	FALSE	FALSE	FALSE	FALSE	TRUE	126	5'4"	55:09.5	55:50.5	TRUE	2	0	2	TRUE
90	2019-10-21	FALSE	FALSE	FALSE	FALSE	FALSE	FALSE	Female	FALSE	FALSE	TRUE	FALSE	FALSE	125	5'2"	50:45.9	51:21.9	TRUE	2	0	2	TRUE
91	2019-10-25	FALSE	TRUE	FALSE	FALSE	FALSE	FALSE	Female	FALSE	FALSE	TRUE	FALSE	FALSE	115	5'6"	12:11.9	12:45.0	TRUE	2	0	3	FALSE
92	2019-10-21	FALSE	FALSE	FALSE	FALSE	FALSE	FALSE	Female	FALSE	FALSE	TRUE	FALSE	FALSE	112	5'2"	09:31.8	10:14.9	TRUE	2	0	2	TRUE
93	2019-10-21	FALSE	FALSE	FALSE	FALSE	FALSE	FALSE	Female	FALSE	FALSE	TRUE	FALSE	FALSE	133	5'2"	41:55.3	42:33.3	TRUE	3	0	2	FALSE
94	2019-10-25	FALSE	FALSE	FALSE	FALSE	FALSE	FALSE	Male	FALSE	FALSE	TRUE	FALSE	FALSE	150	6'3"	15:14.3	15:52.2	TRUE	2	0	2	TRUE
95	2019-10-21	FALSE	FALSE	FALSE	FALSE	FALSE	FALSE	Female	FALSE	FALSE	TRUE	FALSE	FALSE	112	5'2"	50:09.6	50:52.2	TRUE	2	0	2	TRUE
96	2019-10-21	FALSE	FALSE	FALSE	FALSE	FALSE	FALSE	Female	FALSE	FALSE	TRUE	FALSE	FALSE	150	5'3"	05:17.3	05:57.5	TRUE	3	0	2	FALSE
97	2019-10-25	FALSE	FALSE	FALSE	FALSE	FALSE	FALSE	Female	FALSE	FALSE	TRUE	FALSE	FALSE	140	5'9"	06:28.5	07:09.8	TRUE	2	0	2	TRUE
98	2019-10-25	FALSE	FALSE	FALSE	FALSE	FALSE	FALSE	Female	FALSE	FALSE	TRUE	FALSE	FALSE	180	5'6"	58:53.0	59:43.7	TRUE	4	1	2	FALSE
99	2019-10-25	FALSE	TRUE	FALSE	FALSE	FALSE	FALSE	Female	FALSE	FALSE	TRUE	FALSE	FALSE	211	4'11"	01:40.5	02:25.0	TRUE	4	1	3	FALSE
100	2019-10-25	FALSE	FALSE	FALSE	FALSE	FALSE	FALSE	Male	FALSE	FALSE	TRUE	FALSE	FALSE	225	6'0"	15:29.0	16:19.5	TRUE	4	1	2	FALSE
101	2019-10-21	FALSE	FALSE	FALSE	FALSE	FALSE	FALSE	Male	FALSE	FALSE	TRUE	FALSE	FALSE	125	5'9"	12:05.0	12:43.2	TRUE	2	0	2	TRUE
102	2019-10-25	FALSE	FALSE	FALSE	FALSE	FALSE	FALSE	Female	FALSE	FALSE	TRUE	FALSE	FALSE	142	5'4"	02:10.1	03:14.2	FALSE	3	0	2	FALSE
103	2019-10-25	FALSE	FALSE	FALSE	FALSE	FALSE	FALSE	Male	FALSE	FALSE	FALSE	FALSE	TRUE	145	5'8"	05:44.3	06:25.2	TRUE	2	0	2	TRUE
104	2019-10-21	FALSE	TRUE	FALSE	FALSE	FALSE	FALSE	Female	FALSE	FALSE	TRUE	FALSE	FALSE	132	5'2"	21:49.7	22:35.6	TRUE	3	0	3	TRUE
105	2019-10-25	FALSE	TRUE	FALSE	FALSE	FALSE	FALSE	Male	FALSE	FALSE	TRUE	FALSE	FALSE	160	5'10"	05:27.3	06:14.5	TRUE	2	0	3	FALSE
106	2019-10-21	FALSE	FALSE	FALSE	FALSE	FALSE	FALSE	Male	FALSE	FALSE	TRUE	FALSE	FALSE	120	5'7"	24:00.9	24:39.2	TRUE	2	0	2	TRUE
107	2019-10-21	FALSE	FALSE	FALSE	FALSE	FALSE	FALSE	Female	FALSE	FALSE	FALSE	FALSE	TRUE	150	5'6"	08:01.3	08:44.6	TRUE	3	0	2	FALSE
108	2019-10-21	FALSE	FALSE	FALSE	FALSE	FALSE	FALSE	Male	FALSE	FALSE	TRUE	FALSE	FALSE	153	5'4"	08:36.9	09:22.8	TRUE	3	0	2	FALSE
109	2019-10-25	FALSE	FALSE	FALSE	FALSE	FALSE	FALSE	Female	FALSE	FALSE	TRUE	FALSE	FALSE	126	5'7"	02:22.9	03:04.4	TRUE	2	0	2	TRUE
110	2019-10-25	FALSE	FALSE	FALSE	FALSE	FALSE	FALSE	Male	TRUE	FALSE	TRUE	FALSE	FALSE	140	5'8"	10:22.4	11:03.9	TRUE	2	0	2	TRUE
111	2019-10-25	FALSE	FALSE	FALSE	FALSE	FALSE	FALSE	Male	FALSE	FALSE	TRUE	FALSE	FALSE	130	5'10"	2019-10-25 11:15:25.000 2019-10-25 11:15:42.291	2019-10-25 11:15:36.004 2019-10-25 11:16:22.504	TRUE	2	0	2	TRUE
112	2019-10-25	FALSE	FALSE	FALSE	FALSE	FALSE	FALSE	Female	FALSE	TRUE	TRUE	FALSE	TRUE	230	5'9"	56:47.0	57:36.4	TRUE	4	1	3	FALSE
113	2019-10-21	FALSE	FALSE	FALSE	FALSE	FALSE	FALSE	Male	FALSE	FALSE	TRUE	FALSE	FALSE	160	6'1"	07:00.2	07:39.3	TRUE	2	0	2	TRUE
114	2019-10-25	FALSE	FALSE	FALSE	FALSE	FALSE	FALSE	Male	FALSE	FALSE	TRUE	FALSE	FALSE	115	5'3"	09:56.8	10:37.0	TRUE	2	0	2	TRUE
115	2019-10-21	FALSE	FALSE	FALSE	FALSE	FALSE	FALSE	Female	FALSE	FALSE	FALSE	FALSE	TRUE	280	5'6"	17:10.0	17:54.9	TRUE	4	1	2	FALSE
116	2019-10-25	FALSE	TRUE	FALSE	FALSE	FALSE	FALSE	Female	FALSE	FALSE	TRUE	FALSE	FALSE	125	5'2"	18:07.7	18:51.4	TRUE	2	0	3	FALSE
117	2019-10-21	FALSE	FALSE	FALSE	FALSE	FALSE	FALSE	Female	FALSE	FALSE	TRUE	FALSE	FALSE	112	5'7"	11:38.5	12:14.6	TRUE	2	0	2	TRUE
118	2019-10-21	FALSE	FALSE	FALSE	FALSE	FALSE	FALSE	Male	FALSE	FALSE	TRUE	FALSE	FALSE	137	5'5"	19:16.7	20:00.6	TRUE	2	0	2	TRUE
119	2019-10-25	FALSE	FALSE	FALSE	FALSE	FALSE	FALSE	Male	TRUE	FALSE	TRUE	FALSE	FALSE	135	5'9"	08:50.4	09:35.3	TRUE	2	0	2	TRUE
120	2019-10-25	FALSE	FALSE	FALSE	FALSE	FALSE	FALSE	Female	FALSE	FALSE	TRUE	FALSE	FALSE	155	5'6"	2019-10-25 12:11:42.225 2019-10-25 12:12:24.635	2019-10-25 12:11:43.640 2019-10-25 12:13:06.879	TRUE	3	0	2	FALSE
121	2019-10-25	FALSE	FALSE	FALSE	FALSE	FALSE	FALSE	Female	FALSE	FALSE	TRUE	FALSE	FALSE	115	5'4"	08:48.2	09:35.2	TRUE	2	0	2	TRUE
122	2019-10-25	FALSE	TRUE	FALSE	FALSE	FALSE	FALSE	Male	FALSE	FALSE	TRUE	FALSE	FALSE	390	6'0"	19:39.0	20:20.0	TRUE	4	1	3	FALSE
123	2019-10-25	FALSE	FALSE	FALSE	FALSE	FALSE	FALSE	Male	FALSE	FALSE	TRUE	FALSE	FALSE	125	5'6"	2019-10-25 09:21:40.799 2019-10-25 09:23:12.461	2019-10-25 09:21:43.999 2019-10-25 09:23:58.504	TRUE	2	0	2	TRUE
124	2019-10-21	FALSE	TRUE	FALSE	FALSE	FALSE	FALSE	Male	FALSE	FALSE	TRUE	FALSE	FALSE	180	6'2"	16:24.1	17:10.4	TRUE	3	0	3	TRUE
125	2019-10-21	FALSE	FALSE	FALSE	FALSE	FALSE	FALSE	Female	FALSE	FALSE	TRUE	FALSE	FALSE	160	5'9"	14:17.8	14:56.6	TRUE	2	0	2	TRUE
126	2019-10-25	FALSE	FALSE	FALSE	FALSE	FALSE	FALSE	Female	FALSE	FALSE	TRUE	FALSE	FALSE	136	5'6"	19:14.2	20:06.5	TRUE	2	0	2	TRUE
127	2019-10-25	FALSE	FALSE	FALSE	FALSE	FALSE	FALSE	Male	FALSE	FALSE	TRUE	FALSE	FALSE	155	5'9"	21:39.0	22:23.9	TRUE	2	0	2	TRUE
128	2019-10-21	FALSE	TRUE	FALSE	FALSE	FALSE	FALSE	Female	FALSE	FALSE	TRUE	FALSE	FALSE	135	5'4"	43:06.7	43:48.8	TRUE	2	0	3	FALSE
129	2019-10-21	FALSE	FALSE	FALSE	FALSE	FALSE	FALSE	Male	TRUE	FALSE	TRUE	FALSE	FALSE	125	5'7"	37:30.8	38:10.1	TRUE	2	0	2	TRUE
130	2019-10-25	FALSE	FALSE	FALSE	FALSE	FALSE	FALSE	Male	FALSE	FALSE	TRUE	FALSE	FALSE	120	5'7"	21:30.3	22:07.8	TRUE	2	0	2	TRUE
131	2019-10-25	FALSE	FALSE	FALSE	FALSE	FALSE	FALSE	Male	FALSE	FALSE	TRUE	FALSE	FALSE	105	5'8"	26:40.8	27:23.1	TRUE	1	0	2	FALSE
132	2019-10-21	FALSE	FALSE	FALSE	FALSE	FALSE	FALSE	Male	FALSE	FALSE	FALSE	FALSE	TRUE	150	5'9"	06:47.4	07:25.7	TRUE	2	0	2	TRUE
133	2019-10-25	FALSE	FALSE	FALSE	FALSE	FALSE	FALSE	Female	TRUE	FALSE	FALSE	FALSE	FALSE	181	6'00"	26:37.1	27:16.5	TRUE	3	0	2	FALSE
134	2019-10-21	FALSE	FALSE	FALSE	FALSE	FALSE	FALSE	Male	FALSE	FALSE	TRUE	FALSE	FALSE	240	5'10"	50:59.5	51:50.9	TRUE	4	1	2	FALSE
135	2019-10-25	FALSE	FALSE	FALSE	FALSE	FALSE	FALSE	Male	FALSE	FALSE	TRUE	FALSE	FALSE	180	6'0"	45:57.5	46:34.8	TRUE	3	0	2	FALSE
136	2019-10-25	FALSE	FALSE	FALSE	FALSE	FALSE	FALSE	Female	FALSE	FALSE	FALSE	FALSE	TRUE	134	5'4"	17:26.5	18:22.7	TRUE	2	0	2	TRUE
137	2019-10-21	FALSE	FALSE	FALSE	FALSE	FALSE	FALSE	Male	FALSE	FALSE	FALSE	FALSE	TRUE	120	5'5"	16:39.4	17:26.6	TRUE	2	0	2	TRUE
138	2019-10-21	FALSE	FALSE	FALSE	FALSE	FALSE	FALSE	Female	FALSE	FALSE	FALSE	FALSE	TRUE	99	4'9"	45:34.4	46:15.4	TRUE	2	0	2	TRUE
139	2019-10-21	FALSE	TRUE	FALSE	FALSE	FALSE	FALSE	Male	FALSE	FALSE	FALSE	FALSE	TRUE	145	6'0"	59:22.6	59:58.8	TRUE	2	0	3	FALSE
140	2019-10-21	FALSE	FALSE	FALSE	FALSE	FALSE	FALSE	Male	FALSE	FALSE	TRUE	FALSE	FALSE	120	5'7"	11:15.5	11:54.4	TRUE	2	0	2	TRUE
141	2019-10-25	FALSE	FALSE	FALSE	FALSE	FALSE	FALSE	Female	FALSE	FALSE	FALSE	TRUE	FALSE	100	5'2"	07:00.5	07:43.0	TRUE	2	0	2	TRUE
142	2019-10-21	FALSE	FALSE	FALSE	FALSE	FALSE	FALSE	Female	TRUE	FALSE	TRUE	FALSE	FALSE	118	5'2"	16:56.6	17:39.0	TRUE	2	0	2	TRUE
143	2019-10-21	FALSE	FALSE	FALSE	FALSE	FALSE	FALSE	Male	FALSE	FALSE	TRUE	FALSE	FALSE	140	5'10"	38:23.3	39:09.9	TRUE	2	0	2	TRUE
144	2019-10-21	FALSE	FALSE	FALSE	FALSE	FALSE	FALSE	Female	FALSE	FALSE	TRUE	FALSE	FALSE	135	5'3"	46:17.9	46:57.5	TRUE	3	0	2	FALSE
145	2019-10-25	FALSE	FALSE	FALSE	FALSE	FALSE	FALSE	Female	FALSE	FALSE	TRUE	FALSE	FALSE	150	5'"	03:24.4	04:12.0	TRUE	4	1	2	FALSE
146	2019-10-25	FALSE	FALSE	FALSE	FALSE	FALSE	FALSE	Male	FALSE	FALSE	TRUE	FALSE	FALSE	200	5'10"	12:48.4	13:29.5	TRUE	4	1	2	FALSE
147	2019-10-25	FALSE	FALSE	FALSE	FALSE	FALSE	FALSE	Female	FALSE	FALSE	TRUE	FALSE	FALSE	138	5'8"	30:21.4	31:12.5	TRUE	2	0	2	TRUE
148	2019-10-21	FALSE	FALSE	FALSE	FALSE	FALSE	FALSE	Male	FALSE	FALSE	TRUE	FALSE	FALSE	110	5'3"	19:51.3	20:29.4	TRUE	2	0	2	TRUE
149	2019-10-25	FALSE	FALSE	FALSE	FALSE	FALSE	FALSE	Male	FALSE	FALSE	TRUE	FALSE	FALSE	132	5'8"	16:11.1	16:53.1	TRUE	2	0	2	TRUE
150	2019-10-25	FALSE	FALSE	FALSE	FALSE	FALSE	FALSE	Female	FALSE	FALSE	TRUE	FALSE	FALSE	118	5'4"	02:25.6	02:59.7	TRUE	2	0	2	TRUE
151	2019-10-21	FALSE	TRUE	FALSE	FALSE	FALSE	FALSE	Male	FALSE	FALSE	TRUE	FALSE	FALSE	169	5'5"	58:31.4	59:18.6	TRUE	4	1	3	FALSE
152	2019-10-21	FALSE	FALSE	FALSE	FALSE	FALSE	FALSE	Female	FALSE	FALSE	FALSE	FALSE	TRUE	140	5'3"	01:50.0	02:32.5	TRUE	3	0	2	FALSE
153	2019-10-25	FALSE	FALSE	FALSE	FALSE	FALSE	FALSE	Female	FALSE	FALSE	TRUE	FALSE	FALSE	120	5'4"	48:41.3	49:25.8	TRUE	2	0	2	TRUE
154	2019-10-21	FALSE	FALSE	FALSE	FALSE	FALSE	FALSE	Female	FALSE	FALSE	TRUE	FALSE	FALSE	105	5'4"	46:53.8	47:36.2	TRUE	2	0	2	TRUE
155	2019-10-25	FALSE	FALSE	FALSE	FALSE	FALSE	FALSE	Female	FALSE	FALSE	FALSE	FALSE	TRUE	130	5'3"	51:05.6	51:52.2	TRUE	2	0	2	TRUE
156	2019-10-21	FALSE	FALSE	FALSE	FALSE	FALSE	FALSE	Male	FALSE	FALSE	TRUE	FALSE	FALSE	120	5'4"	58:08.7	58:52.6	TRUE	2	0	2	TRUE
157	2019-10-21	FALSE	FALSE	FALSE	FALSE	FALSE	FALSE	Female	FALSE	FALSE	TRUE	FALSE	FALSE	106	5'5"	27:17.9	28:02.1	TRUE	2	0	2	TRUE
158	2019-10-21	FALSE	FALSE	FALSE	FALSE	FALSE	FALSE	Female	FALSE	FALSE	TRUE	FALSE	FALSE	125	5'5"	22:12.6	22:53.5	TRUE	2	0	2	TRUE
159	2019-10-25	FALSE	FALSE	FALSE	FALSE	FALSE	FALSE	Male	FALSE	FALSE	TRUE	FALSE	FALSE	125	05'10"	17:11.0	17:52.6	TRUE	2	0	2	TRUE
160	2019-10-25	FALSE	FALSE	FALSE	FALSE	FALSE	FALSE	Male	FALSE	FALSE	TRUE	FALSE	FALSE	150	5'9"	2019-10-25 09:34:02.385 2019-10-25 09:34:35.776	2019-10-25 09:34:09.082 2019-10-25 09:35:19.390	TRUE	2	0	2	TRUE
161	2019-10-25	FALSE	FALSE	FALSE	FALSE	FALSE	FALSE	Female	FALSE	FALSE	TRUE	FALSE	FALSE	159	5'9"	35:25.9	36:12.0	TRUE	2	0	2	TRUE
162	2019-10-21	FALSE	FALSE	FALSE	FALSE	FALSE	FALSE	Male	FALSE	FALSE	TRUE	FALSE	FALSE	115	5'5"	24:23.1	25:10.4	TRUE	2	0	2	TRUE
163	2019-10-25	FALSE	FALSE	FALSE	FALSE	FALSE	FALSE	Male	FALSE	FALSE	TRUE	FALSE	FALSE	155	5'11"	20:12.2	20:51.7	TRUE	2	0	2	TRUE
164	2019-10-21	FALSE	FALSE	FALSE	FALSE	FALSE	FALSE	Male	FALSE	TRUE	FALSE	FALSE	FALSE	109	5'3"	06:04.5	06:45.2	TRUE	2	0	3	FALSE
165	2019-10-25	FALSE	FALSE	FALSE	FALSE	FALSE	FALSE	Male	FALSE	FALSE	FALSE	FALSE	TRUE	138	5'5"	54:35.5	55:25.5	TRUE	2	0	2	TRUE
166	2019-10-21	FALSE	FALSE	FALSE	FALSE	FALSE	FALSE	Female	TRUE	FALSE	FALSE	FALSE	FALSE	140	5'7"	32:47.8	33:27.8	TRUE	2	0	2	TRUE
167	2019-10-25	FALSE	FALSE	FALSE	FALSE	FALSE	FALSE	Female	FALSE	FALSE	TRUE	FALSE	FALSE	125	5'0"	25:09.2	25:54.8	TRUE	3	0	2	FALSE
168	2019-10-21	FALSE	TRUE	FALSE	FALSE	FALSE	FALSE	Male	FALSE	FALSE	TRUE	TRUE	FALSE	190	6'2"	2019-10-21 14:54:20.162 2019-10-21 14:55:28.173	2019-10-21 14:54:36.223 2019-10-21 14:56:10.166	TRUE	3	0	3	TRUE
169	2019-10-21	FALSE	FALSE	FALSE	FALSE	FALSE	FALSE	Male	FALSE	FALSE	FALSE	FALSE	TRUE	145	5'6"	07:33.2	08:18.6	TRUE	3	0	2	FALSE
170	2019-10-21	FALSE	FALSE	FALSE	FALSE	FALSE	FALSE	Female	FALSE	FALSE	TRUE	FALSE	FALSE	138	5'4"	12:40.9	13:21.3	TRUE	2	0	2	TRUE
